INSERT INTO `casemd6`.`roles` (`id`, `name`) VALUES ('1', 'ROLE_ADMIN');
INSERT INTO `casemd6`.`roles` (`id`, `name`) VALUES ('2', 'ROLE_USER');
INSERT INTO `casemd6`.`roles` (`id`, `name`) VALUES ('3', 'ROLE_SHOP');


INSERT INTO `casemd6`.`account` (`address`, `birthday`, `date`, `email`, `gender`, `img`, `name`, `password`, `phone_number`, `status`, `username`,`roles_id`) VALUES ('bắc giang', '2012-12-15', '2022-12-12', 'manh12@gmail.com', 'nam', 'https://i.pinimg.com/originals/ce/92/38/ce9238b46ae799e0fba7501a1515c41c.png', 'manh', '1234', '0357123456', '1', 'manh12','1');
INSERT INTO `casemd6`.`account` (`address`, `birthday`, `date`, `email`, `gender`, `img`, `name`, `password`, `phone_number`, `status`, `username`,`roles_id`) VALUES ('hà nội', '2012-12-15', '2022-12-12', 'manh12@gmail.com1', 'nam', 'https://luv.vn/wp-content/uploads/2021/09/hinh-anh-gai-xinh-trung-quoc-95.jpg', 'linh', '1234', '0357123457', '1', 'linh12','2');
INSERT INTO `casemd6`.`account` (`address`, `birthday`, `date`, `email`, `gender`, `img`, `name`, `password`, `phone_number`, `status`, `username`,`roles_id`) VALUES ('thái nguyên', '2012-12-15', '2022-12-12', 'manh12@gmail.com2', 'nam', 'https://haycafe.vn/wp-content/uploads/2022/02/Anh-gai-xinh-co-trang-Trung-Quoc.jpg', 'sơn', '1234', '0357123458', '1', 'son12','2');
INSERT INTO `casemd6`.`account` (`address`, `birthday`, `date`, `email`, `gender`, `img`, `name`, `password`, `phone_number`, `status`, `username`,`roles_id`) VALUES ('nha trang', '2012-12-15', '2022-12-12', 'manh12@gmail.com3', 'nam', 'https://anhdep123.com/wp-content/uploads/2021/02/hinh-anh-gai-dep-trung-quoc.jpeg', 'an', '1234', '0357123459', '1', 'an12','2');
INSERT INTO `casemd6`.`account` (`address`, `birthday`, `date`, `email`, `gender`, `img`, `name`, `password`, `phone_number`, `status`, `username`,`roles_id`) VALUES ('phú thọ', '2012-12-15', '2022-12-12', 'manh12@gmail.com4', 'nam', 'https://thuthuatnhanh.com/wp-content/uploads/2019/07/hinh-hot-girl-trung-quoc-trang-phuc-kiem-hiep.jpg', 'vân', '1234', '0357123410', '1', 'van12','2');
INSERT INTO `casemd6`.`account` (`id`, `address`, `birthday`, `date`, `email`, `gender`, `img`, `name`, `password`, `phone_number`, `status`, `username`, `roles_id`) VALUES ('6', 'trung q', '2012-12-12', '2012-12-12', 'abc', 'nam', 'https://allimages.sgp1.digitaloceanspaces.com/photographercomvn/2020/08/1598022223_173_Anh-gai-xinh-Nhat-ban-Trong-sang-thong-minh-%E2%80%93.jpg', 'sang', '1234', '0366145157', '1', 'sangpk', '3');
INSERT INTO `casemd6`.`account` (`id`, `address`, `birthday`, `date`, `email`, `gender`, `img`, `name`, `password`, `phone_number`, `status`, `username`, `roles_id`) VALUES ('7', 'Quận Nam Từ Liêm - Phường Mỹ Đình 1-Hà Nội', '2012-12-12', '2012-12-12', 'manh12@gmail.com5', 'nam', 'https://i.pinimg.com/originals/91/54/1c/91541c77e2a2f6e9331c34c477e9ef4b.png', 'Hoàng Đức Mạnh', '1234', '0366145101', '1', 'manh124', '3');
INSERT INTO `casemd6`.`account` (`id`, `address`, `birthday`, `date`, `email`, `gender`, `img`, `name`, `password`, `phone_number`, `status`, `username`, `roles_id`) VALUES ('8', 'Quận Nam Từ Liêm - Phường Mỹ Đình 1-Hà Nội', '2012-12-12', '2012-12-12', 'manh12@gmail.com6', 'nam', 'https://phunugioi.com/wp-content/uploads/2020/01/anh-avatar-buon-cho-nu-toc-ngan-dep-lam-dai-dien-facebook.jpg', 'Nguyễn Hải Vân', '1234', '0366145102', '1', 'manh125', '3');
INSERT INTO `casemd6`.`account` (`id`, `address`, `birthday`, `date`, `email`, `gender`, `img`, `name`, `password`, `phone_number`, `status`, `username`, `roles_id`) VALUES ('9', 'Quận Nam Từ Liêm - Phường Mỹ Đình 1-Hà Nội', '2012-12-12', '2012-12-12', 'manh12@gmail.com7', 'nam', 'https://phunugioi.com/wp-content/uploads/2020/01/anh-avatar-supreme-dep-lam-dai-dien-facebook.jpg', 'Nguyễn Thị Ngọc Anh', '1234', '0366145103', '1', 'manh126', '3');
INSERT INTO `casemd6`.`account` (`id`, `address`, `birthday`, `date`, `email`, `gender`, `img`, `name`, `password`, `phone_number`, `status`, `username`, `roles_id`) VALUES ('10', 'Quận Nam Từ Liêm - Phường Mỹ Đình 1-Hà Nội', '2012-12-12', '2012-12-12', 'manh12@gmail.com8', 'nam', 'https://phunugioi.com/wp-content/uploads/2020/01/anh-avatar-supreme-dep-lam-dai-dien-facebook.jpg', 'Nguyễn Thúy Hường', '1234', '0366145104', '1', 'manh127', '3');
INSERT INTO `casemd6`.`account` (`id`, `address`, `birthday`, `date`, `email`, `gender`, `img`, `name`, `password`, `phone_number`, `status`, `username`, `roles_id`) VALUES ('11', 'Quận Nam Từ Liêm - Phường Mỹ Đình 1-Hà Nội', '2012-12-12', '2012-12-12', 'manh12@gmail.com9', 'namnam', 'https://i.9mobi.vn/cf/Images/tt/2021/8/20/anh-avatar-dep-62.jpg', 'Chu vane An', '1234', '0366145105', '1', 'manh128', '3');
INSERT INTO `casemd6`.`account` (`id`, `address`, `birthday`, `date`, `email`, `gender`, `img`, `name`, `password`, `phone_number`, `status`, `username`, `roles_id`) VALUES ('12', 'Quận Nam Từ Liêm - Phường Mỹ Đình 1-Hà Nội', '2012-12-12', '2012-12-12', 'manh12@gmail.com10', 'nam', 'https://phunugioi.com/wp-content/uploads/2020/01/anh-avatar-anime-de-thuong.jpg', 'Nguyễn An Văn', '1234', '0366145106', '1', 'manh129', '3');
INSERT INTO `casemd6`.`account` (`id`, `address`, `birthday`, `date`, `email`, `gender`, `img`, `name`, `password`, `phone_number`, `status`, `username`, `roles_id`) VALUES ('13', 'Quận Nam Từ Liêm - Phường Mỹ Đình 1-Hà Nội', '2012-12-12', '2012-12-12', 'manh12@gmail.com11', 'nam', 'https://i.9mobi.vn/cf/Images/tt/2021/8/20/anh-avatar-dep-45.jpg', 'Nguyễn Hải Yến', '1234', '0366145107', '1', 'manh1210', '3');
INSERT INTO `casemd6`.`account` (`id`, `address`, `birthday`, `date`, `email`, `gender`, `img`, `name`, `password`, `phone_number`, `status`, `username`, `roles_id`) VALUES ('14', 'Quận Nam Từ Liêm - Phường Mỹ Đình 1-Hà Nội', '2012-12-12', '2012-12-12', 'manh12@gmail.com12', 'nam', 'https://haycafe.vn/wp-content/uploads/2021/11/Avatar-cute-de-thuong-cho-con-gai.jpg', 'Chu Thị Chị Hường', '1234', '0366145108', '1', 'manh1211', '3');
INSERT INTO `casemd6`.`account` (`id`, `address`, `birthday`, `date`, `email`, `gender`, `img`, `name`, `password`, `phone_number`, `status`, `username`, `roles_id`) VALUES ('15', 'Quận Nam Từ Liêm - Phường Mỹ Đình 1-Hà Nội', '2012-12-12', '2012-12-12', 'manh12@gmail.com13', 'nam', 'https://haycafe.vn/wp-content/uploads/2021/11/Anh-avatar-bts-chibi-cuc-chat.jpg', 'Nguyễn Ngọc Ngạn ', '1234', '0366145109', '1', 'manh1212', '3');
INSERT INTO `casemd6`.`account` (`id`, `address`, `birthday`, `date`, `email`, `gender`, `img`, `name`, `password`, `phone_number`, `status`, `username`, `roles_id`) VALUES ('16', 'Quận Nam Từ Liêm - Phường Mỹ Đình 1-Hà Nội', '2012-12-12', '2012-12-12', 'manh12@gmail.com14', 'nam', 'https://thuthuatnhanh.com/wp-content/uploads/2018/07/anh-dai-dien-dep.jpg', 'Hoàng Thị Hồng', '1234', '0366145110', '1', 'manh1213', '3');
INSERT INTO `casemd6`.`account` (`id`, `address`, `birthday`, `date`, `email`, `gender`, `img`, `name`, `password`, `phone_number`, `status`, `username`, `roles_id`) VALUES ('17', 'Quận Nam Từ Liêm - Phường Mỹ Đình 1-Hà NộiQuận Nam Từ Liêm - Phường Mỹ Đình 1-Hà Nội', '2012-12-12', '2012-12-12', 'manh12@gmail.com15', 'nam', 'https://thuthuatnhanh.com/wp-content/uploads/2018/07/anh-dai-dien-dep.jpg', 'Đỗ Thị Viết', '1234', '0366145111', '1', 'manh1214', '3');
INSERT INTO `casemd6`.`account` (`id`, `address`, `birthday`, `date`, `email`, `gender`, `img`, `name`, `password`, `phone_number`, `status`, `username`, `roles_id`) VALUES ('18', 'Quận Nam Từ Liêm - Phường Mỹ Đình 1-Hà Nội', '2012-12-12', '2012-12-12', 'manh12@gmail.com16', 'nam', 'https://taimienphi.vn/tmp/cf/aut/D35O-hfDz-rsHX-anh-avatar-dep-33.jpg', 'oàng Quang Ngọc', '1234', '0366145112', '1', 'manh1215', '3');
INSERT INTO `casemd6`.`account` (`id`, `address`, `birthday`, `date`, `email`, `gender`, `img`, `name`, `password`, `phone_number`, `status`, `username`, `roles_id`) VALUES ('19', 'Quận Nam Từ Liêm - Phường Mỹ Đình 1-Hà Nội', '2012-12-12', '2012-12-12', 'manh12@gmail.com17', 'nam', 'https://phunugioi.com/wp-content/uploads/2020/01/avatar-dep-ngau-cho-nu.jpg', 'Nguyễn Văn Sang', '1234', '0366145113', '1', 'manh1216', '3');
INSERT INTO `casemd6`.`account` (`id`, `address`, `birthday`, `date`, `email`, `gender`, `img`, `name`, `password`, `phone_number`, `status`, `username`, `roles_id`) VALUES ('20', 'Quận Nam Từ Liêm - Phường Mỹ Đình 1-Hà Nội', '2012-12-12', '2012-12-12', 'manh12@gmail.com18', 'nam', 'https://scr.vn/wp-content/uploads/2020/07/h%C3%ACnh-%C4%91%E1%BA%A1i-di%E1%BB%87n-c%C3%B4-g%C3%A1i-%C4%91%E1%BA%B9p-1024x1024.jpg', 'Thân Thị Tuyết', '1234', '0366145114', '1', 'manh1217', '3');


-- category
INSERT INTO `casemd6`.`category` (`id`, `name`) VALUES ('1', 'Thời trang');
INSERT INTO `casemd6`.`category` (`id`, `name`) VALUES ('2', 'Đồ điện tử');
INSERT INTO `casemd6`.`category` (`id`, `name`) VALUES ('3', 'Đồ gia dụng');
INSERT INTO `casemd6`.`category` (`id`, `name`) VALUES ('4', 'Mặt hàng khác');
INSERT INTO `casemd6`.`category` (`id`, `name`) VALUES ('5', 'Thú cưng');
INSERT INTO `casemd6`.`category` (`id`, `name`) VALUES ('6', 'Nhà cửa đời sống');
INSERT INTO `casemd6`.`category` (`id`, `name`) VALUES ('7', 'Vũ khí sinh học');
INSERT INTO `casemd6`.`category` (`id`, `name`) VALUES ('8', 'Sách ');
INSERT INTO `casemd6`.`category` (`id`, `name`) VALUES ('9', 'Đồ dùng học tập');
INSERT INTO `casemd6`.`category` (`id`, `name`) VALUES ('10', 'Phòng');


-- trademark
INSERT INTO `casemd6`.`trademark` (`id`, `name`, `category_id`) VALUES ('4', 'OK', '3');
INSERT INTO `casemd6`.`trademark` (`id`, `name`, `category_id`) VALUES ('1', 'NIKE', '1');
INSERT INTO `casemd6`.`trademark` (`id`, `name`, `category_id`) VALUES ('2', 'GUCCI', '1');
INSERT INTO `casemd6`.`trademark` (`id`, `name`, `category_id`) VALUES ('3', 'VIP', '2');

-- shopaddress
INSERT INTO `casemd6`.`shop_address` (`name`) VALUES ('An Giang');
INSERT INTO `casemd6`.`shop_address` (`name`) VALUES ('Bà Rịa-Vũng Tàu');
INSERT INTO `casemd6`.`shop_address` (`name`) VALUES ('Bắc Giang');
INSERT INTO `casemd6`.`shop_address` (`name`) VALUES ('Bắc Kạn');
INSERT INTO `casemd6`.`shop_address` (`name`) VALUES ('Bạc Liêu');
INSERT INTO `casemd6`.`shop_address` (`name`) VALUES ('Bắc Ninh');
INSERT INTO `casemd6`.`shop_address` (`name`) VALUES ('Bến Tre');
INSERT INTO `casemd6`.`shop_address` (`name`) VALUES ('Bình Định');
INSERT INTO `casemd6`.`shop_address` (`name`) VALUES ('Bình Dương');
INSERT INTO `casemd6`.`shop_address` (`name`) VALUES ('Bình Phước');
INSERT INTO `casemd6`.`shop_address` (`name`) VALUES ('Bình Thuận');
INSERT INTO `casemd6`.`shop_address` (`name`) VALUES ('Cà Mau');
INSERT INTO `casemd6`.`shop_address` (`name`) VALUES ('Cần Thơ');
INSERT INTO `casemd6`.`shop_address` (`name`) VALUES ('Cao Bằng');
INSERT INTO `casemd6`.`shop_address` (`name`) VALUES ('Đà Nẵng');
INSERT INTO `casemd6`.`shop_address` (`name`) VALUES ('Đắk Lắk');

-- shop
INSERT INTO `casemd6`.`shop` ( `img`, `name`, `status`, `account_id`,`shop_address_id`) VALUES ( 'https://encrypted-tbn0.gstatic.com/images?q=tbn:ANd9GcQH1Ht9PM0Un5K1l4PGXm17jDgEbF9fOVe9ew&usqp=CAU', 'shopmanhmanh', '1', '6','1');
INSERT INTO `casemd6`.`shop` ( `img`, `name`, `status`, `account_id`,`shop_address_id`) VALUES ( 'https://encrypted-tbn0.gstatic.com/images?q=tbn:ANd9GcQH1Ht9PM0Un5K1l4PGXm17jDgEbF9fOVe9ew&usqp=CAU', 'shopgiày', '1', '7','2');
INSERT INTO `casemd6`.`shop` ( `img`, `name`, `status`, `account_id`,`shop_address_id`) VALUES ( 'https://encrypted-tbn0.gstatic.com/images?q=tbn:ANd9GcQH1Ht9PM0Un5K1l4PGXm17jDgEbF9fOVe9ew&usqp=CAU', 'shopabc', '1', '8','3');
INSERT INTO `casemd6`.`shop` ( `img`, `name`, `status`, `account_id`,`shop_address_id`) VALUES ( 'https://encrypted-tbn0.gstatic.com/images?q=tbn:ANd9GcQH1Ht9PM0Un5K1l4PGXm17jDgEbF9fOVe9ew&usqp=CAU', 'shopx', '1', '9','4');
INSERT INTO `casemd6`.`shop` ( `img`, `name`, `status`, `account_id`,`shop_address_id`) VALUES ( 'https://encrypted-tbn0.gstatic.com/images?q=tbn:ANd9GcQH1Ht9PM0Un5K1l4PGXm17jDgEbF9fOVe9ew&usqp=CAU', 'shoplinlinh1', '1', '10','5');
INSERT INTO `casemd6`.`shop` ( `img`, `name`, `status`, `account_id`,`shop_address_id`) VALUES ( 'https://encrypted-tbn0.gstatic.com/images?q=tbn:ANd9GcQH1Ht9PM0Un5K1l4PGXm17jDgEbF9fOVe9ew&usqp=CAU', 'shoplinlinh22', '1', '11','6');
INSERT INTO `casemd6`.`shop` ( `img`, `name`, `status`, `account_id`,`shop_address_id`) VALUES ( 'https://encrypted-tbn0.gstatic.com/images?q=tbn:ANd9GcQH1Ht9PM0Un5K1l4PGXm17jDgEbF9fOVe9ew&usqp=CAU', 'shoplinlinh2', '1', '12','7');
INSERT INTO `casemd6`.`shop` ( `img`, `name`, `status`, `account_id`,`shop_address_id`) VALUES ( 'https://encrypted-tbn0.gstatic.com/images?q=tbn:ANd9GcQH1Ht9PM0Un5K1l4PGXm17jDgEbF9fOVe9ew&usqp=CAU', 'shoplinlinhvip', '1', '13','8');
INSERT INTO `casemd6`.`shop` ( `img`, `name`, `status`, `account_id`,`shop_address_id`) VALUES ( 'https://encrypted-tbn0.gstatic.com/images?q=tbn:ANd9GcQH1Ht9PM0Un5K1l4PGXm17jDgEbF9fOVe9ew&usqp=CAU', 'shoplinlinhvip1', '1', '14','9');
INSERT INTO `casemd6`.`shop` ( `img`, `name`, `status`, `account_id`,`shop_address_id`) VALUES ( 'https://encrypted-tbn0.gstatic.com/images?q=tbn:ANd9GcQH1Ht9PM0Un5K1l4PGXm17jDgEbF9fOVe9ew&usqp=CAU', 'shoplinlinhvip2', '1', '15','10');
INSERT INTO `casemd6`.`shop` ( `img`, `name`, `status`, `account_id`,`shop_address_id`) VALUES ( 'https://encrypted-tbn0.gstatic.com/images?q=tbn:ANd9GcQH1Ht9PM0Un5K1l4PGXm17jDgEbF9fOVe9ew&usqp=CAU', 'shoplinlinhvip3', '1', '16','11');
INSERT INTO `casemd6`.`shop` ( `img`, `name`, `status`, `account_id`,`shop_address_id`) VALUES ( 'https://encrypted-tbn0.gstatic.com/images?q=tbn:ANd9GcQH1Ht9PM0Un5K1l4PGXm17jDgEbF9fOVe9ew&usqp=CAU', 'shoplinlinhvip4', '1', '17','12');

-- product
INSERT INTO `casemd6`.`product` (`id`, `amount`, `detail`, `name`, `price`, `category_id`, `shop_id`,`amountsell`,`img`) VALUES ('1', '3', 'sp hay', 'áo gucci rep 1:1', '129000', '1', '1','2','https://vnn-imgs-f.vgcloud.vn/2021/06/16/09/sung-hoi-1.jpeg');
INSERT INTO `casemd6`.`product` (`amount`, `detail`, `name`, `price`, `category_id`, `shop_id`,`amountsell`,`img`) VALUES ('20', '- Với các túi bên ngoài để đựng các tấm mềm hoặc cứng và quấn quanh móc và dây buộc vòng.
- Dây đeo vai có thể điều chỉnh. Đảm bảo cho bạn một phụ kiện thích hợp, độ bền cao và chắc chắn.


', 'Súng chống đạn', '50000', '1', '1','2','https://vnn-imgs-f.vgcloud.vn/2021/06/16/09/sung-hoi-1.jpeg');
INSERT INTO `casemd6`.`product` (`amount`, `detail`, `name`, `price`, `category_id`, `shop_id`,`amountsell`,`img`) VALUES ('20', '- Với các túi bên ngoài để đựng các tấm mềm hoặc cứng và quấn quanh móc và dây buộc vòng.
- Dây đeo vai có thể điều chỉnh. Đảm bảo cho bạn một phụ kiện thích hợp, độ bền cao và chắc chắn.


', 'Súng chống đạn', '50000', '1', '1','2','https://vnn-imgs-f.vgcloud.vn/2021/06/16/09/sung-hoi-1.jpeg');
INSERT INTO `casemd6`.`product` (`amount`, `detail`, `name`, `price`, `category_id`, `shop_id`,`amountsell`,`img`) VALUES ('20', '- Với các túi bên ngoài để đựng các tấm mềm hoặc cứng và quấn quanh móc và dây buộc vòng.
- Dây đeo vai có thể điều chỉnh. Đảm bảo cho bạn một phụ kiện thích hợp, độ bền cao và chắc chắn.


', 'Súng chống đạn', '50000', '1', '1','2','https://vnn-imgs-f.vgcloud.vn/2021/06/16/09/sung-hoi-1.jpeg');
INSERT INTO `casemd6`.`product` (`amount`, `detail`, `name`, `price`, `category_id`, `shop_id`,`amountsell`,`img`) VALUES ('20', '- Với các túi bên ngoài để đựng các tấm mềm hoặc cứng và quấn quanh móc và dây buộc vòng.
- Dây đeo vai có thể điều chỉnh. Đảm bảo cho bạn một phụ kiện thích hợp, độ bền cao và chắc chắn.


', 'Súng chống đạn', '50000', '1', '1','2','https://vnn-imgs-f.vgcloud.vn/2021/06/16/09/sung-hoi-1.jpeg');
INSERT INTO `casemd6`.`product` (`amount`, `detail`, `name`, `price`, `category_id`, `shop_id`,`amountsell`,`img`) VALUES ('20', '- Với các túi bên ngoài để đựng các tấm mềm hoặc cứng và quấn quanh móc và dây buộc vòng.
- Dây đeo vai có thể điều chỉnh. Đảm bảo cho bạn một phụ kiện thích hợp, độ bền cao và chắc chắn.


', 'Súng chống đạn', '50000', '1', '1','2','https://vnn-imgs-f.vgcloud.vn/2021/06/16/09/sung-hoi-1.jpeg');
INSERT INTO `casemd6`.`product` (`amount`, `detail`, `name`, `price`, `category_id`, `shop_id`,`amountsell`,`img`) VALUES ('20', '- Với các túi bên ngoài để đựng các tấm mềm hoặc cứng và quấn quanh móc và dây buộc vòng.
- Dây đeo vai có thể điều chỉnh. Đảm bảo cho bạn một phụ kiện thích hợp, độ bền cao và chắc chắn.

', 'Súng chống đạn', '50000', '1', '1','2','https://vnn-imgs-f.vgcloud.vn/2021/06/16/09/sung-hoi-1.jpeg');
INSERT INTO `casemd6`.`product` (`amount`, `detail`, `name`, `price`, `category_id`, `shop_id`,`amountsell`,`img`) VALUES ('20', '- Với các túi bên ngoài để đựng các tấm mềm hoặc cứng và quấn quanh móc và dây buộc vòng.
- Dây đeo vai có thể điều chỉnh. Đảm bảo cho bạn một phụ kiện thích hợp, độ bền cao và chắc chắn.

', 'Súng chống đạn', '50000', '1', '1','2','https://vnn-imgs-f.vgcloud.vn/2021/06/16/09/sung-hoi-1.jpeg');
INSERT INTO `casemd6`.`product` (`amount`, `detail`, `name`, `price`, `category_id`, `shop_id`,`amountsell`,`img`) VALUES ('20', '- Với các túi bên ngoài để đựng các tấm mềm hoặc cứng và quấn quanh móc và dây buộc vòng.
- Dây đeo vai có thể điều chỉnh. Đảm bảo cho bạn một phụ kiện thích hợp, độ bền cao và chắc chắn.

', 'Súng chống đạn', '50000', '1', '1','2','https://vnn-imgs-f.vgcloud.vn/2021/06/16/09/sung-hoi-1.jpeg');
INSERT INTO `casemd6`.`product` (`amount`, `detail`, `name`, `price`, `category_id`, `shop_id`,`amountsell`,`img`) VALUES ('20', 'v- Với các túi bên ngoài để đựng các tấm mềm hoặc cứng và quấn quanh móc và dây buộc vòng.
- Dây đeo vai có thể điều chỉnh. Đảm bảo cho bạn một phụ kiện thích hợp, độ bền cao và chắc chắn.


ip', 'Súng chống đạn', '50000', '1', '1','2','https://vnn-imgs-f.vgcloud.vn/2021/06/16/09/sung-hoi-1.jpeg');
INSERT INTO `casemd6`.`product` (`amount`, `detail`, `name`, `price`, `category_id`, `shop_id`,`amountsell`,`img`) VALUES ('3', 'ok', 'B41', '5000000', '4', '2','2','https://vnn-imgs-f.vgcloud.vn/2021/06/16/09/sung-hoi-1.jpeg');
INSERT INTO `casemd6`.`product` (`amount`, `detail`, `name`, `price`, `category_id`, `shop_id`,`amountsell`,`img`) VALUES ('4', 'tạm được', 'Áo nike', '26000', '1', '1','2','https://vnn-imgs-f.vgcloud.vn/2021/06/16/09/sung-hoi-1.jpeg');
INSERT INTO `casemd6`.`product` (`amount`, `detail`, `name`, `price`, `category_id`, `shop_id`,`amountsell`,`img`) VALUES ('2', 'k có mô tả', 'Máy bay chiến đấu', '1000000', '4', '2','2','https://vnn-imgs-f.vgcloud.vn/2021/06/16/09/sung-hoi-1.jpeg');
INSERT INTO `casemd6`.`product` (`amount`, `detail`, `name`, `price`, `category_id`, `shop_id`,`amountsell`,`img`) VALUES ('5', 'hàng vip', 'Nồi đồng cối đá', '200000', '3', '2','2','https://vnn-imgs-f.vgcloud.vn/2021/06/16/09/sung-hoi-1.jpeg');

-- imgproduct
INSERT INTO `casemd6`.`img_product` (`id`, `name`, `product_id`) VALUES ('1', 'https://static.tuoitre.vn/tto/i/s626/2016/10/24/nhat-0-1477284911.jpg', '1');
INSERT INTO `casemd6`.`img_product` (`id`, `name`, `product_id`) VALUES ('2', 'https://i.pinimg.com/originals/25/66/a4/2566a4b00777931baecd953abf9a7e83.jpg', '2');
INSERT INTO `casemd6`.`img_product` (`id`, `name`, `product_id`) VALUES ('3', 'https://i.chungta.vn/2022/11/14/DSC-0891-1668398115_1200x0.jpg', '3');
INSERT INTO `casemd6`.`img_product` (`id`, `name`, `product_id`) VALUES ('4', 'https://amia.vn/wp-content/uploads/2020/08/hinh-anh-thuc-te-mau-tranh-kho-lon-canh-lau-dai-osaka-noi-tieng-amia-1619-lam-theo-yeu-cau.jpg', '4');
INSERT INTO `casemd6`.`img_product` (`id`, `name`, `product_id`) VALUES ('5', 'https://i0.wp.com/menet.vn/wp-content/uploads/2021/05/1.jpg?fit=815%2C459', '5');
INSERT INTO `casemd6`.`img_product` (`id`, `name`, `product_id`) VALUES ('6', 'https://toigingiuvedep.vn/wp-content/uploads/2021/07/hinh-anh-nhat-ban-hoa-anh-dao-dep-me-hon.jpg', '6');

-- billstatus
INSERT INTO `casemd6`.`bill_status` (`id`, `name`) VALUES ('1', 'Chờ xác nhận');
INSERT INTO `casemd6`.`bill_status` (`id`, `name`) VALUES ('2', 'Đang giao hàng');
INSERT INTO `casemd6`.`bill_status` (`id`, `name`) VALUES ('3', 'Đã nhận được hàng');
INSERT INTO `casemd6`.`bill_status` (`id`, `name`) VALUES ('4', 'Đánh giá');
INSERT INTO `casemd6`.`bill_status` (`id`, `name`) VALUES ('5', 'Đã hủy');
INSERT INTO `casemd6`.`bill_status` (`id`, `name`) VALUES ('6', 'Bill ảo');

